store;revenue
Rome;402.5
Syracuse;3154.0
Utica;1299.06
Syracuse;5114.4
Syracuse;147.1
Utica;3531.06
Rome;807.54
Utica;921.62
Utica;631.8
Rome;839.7
Rome;289.6
Albany;279.49
Albany;546.84
Albany;2309.19
Syracuse;1361.57
Utica;1578.24
Rome;1384.88
Syracuse;1332.24
Utica;1266.16
Rome;1128.13
Syracuse;283.56
Syracuse;1974.57
Syracuse;1244.34
Rome;1371.6
Syracuse;3009.6
Albany;310.2
Utica;979.99
Utica;1663.0
Rome;1026.56
Utica;996.04
Syracuse;465.96
Syracuse;1484.6
Syracuse;446.71
Syracuse;2188.75
Utica;3674.55
Rome;948.48
Syracuse;1634.4
Rome;483.52
Albany;1131.28
Syracuse;4157.4
Albany;1513.2
Rome;406.28
Albany;285.95
Syracuse;2730.88
Albany;1140.34
Utica;1129.48
Albany;800.1
Albany;365.25
Syracuse;214.08
Utica;1128.13
Utica;838.1
Rome;330.51
Rome;1244.88
Syracuse;1481.76
Utica;1309.5
Albany;1107.54
Syracuse;661.08
Albany;4201.26
Syracuse;1203.67
Albany;527.99
Utica;759.7
Albany;752.84
Utica;1698.6
Syracuse;1717.88
Rome;3954.03
Utica;848.61
Albany;378.96
Utica;1740.87
Utica;1073.15
Utica;6814.08
Syracuse;1620.96
Albany;377.75
Syracuse;1128.13
Albany;2011.24
Syracuse;4698.2
Rome;498.05
Utica;1570.0
Syracuse;314.6
Syracuse;5476.72
Rome;972.0
Utica;340.17
Rome;1362.31
Rome;982.5
Rome;1682.32
Rome;3770.55
Syracuse;1606.5
Albany;2279.61
Rome;875.02
Syracuse;1043.15
Utica;3312.27
Utica;1256.89
Syracuse;740.44
Syracuse;1669.8
Syracuse;750.75
Albany;342.24
Syracuse;4918.2
Rome;781.44
Rome;724.68
Utica;775.6
Albany;674.88
Utica;1874.92
Utica;1215.27
Rome;5440.4
Albany;363.48
Rome;1396.53
Syracuse;3385.78
Rome;4152.48
Rome;463.76
Albany;726.88
Albany;2006.4
Rome;1809.18
Syracuse;1611.06
Syracuse;1128.13
Syracuse;364.8
Rome;1263.21
Syracuse;830.54
Rome;4721.88
Albany;1950.96
Albany;493.34
Syracuse;199.64
Utica;1990.5
Utica;2727.36
Rome;371.04
Utica;887.34
Albany;1469.7
Utica;699.82
Albany;560.64
Syracuse;386.1
Syracuse;390.69
Utica;1333.65
Albany;505.28
Rome;4481.46
Syracuse;443.99
Rome;355.59
Utica;3244.44
Utica;3643.5
Syracuse;3939.07
Rome;3262.35
Utica;1130.92
Utica;1128.13
Albany;205.8
Albany;385.56
Albany;1203.65
Utica;1270.65
Syracuse;1241.37
Utica;1285.62
Rome;4816.76
Rome;979.5
Albany;883.2
Albany;1477.46
Utica;973.2
Utica;1343.49
Syracuse;284.4
Syracuse;2394.18
Rome;928.27
Utica;1262.91
Utica;1423.8
Rome;977.76
Albany;498.17
Albany;312.62
Syracuse;302.22
Syracuse;1259.02
Utica;558.62
Rome;1216.19
Rome;950.46
Utica;5066.46
Rome;409.19
Rome;796.08
Utica;374.16
Syracuse;948.6
Rome;1450.0
Albany;462.08
Albany;1134.64
Albany;1704.48
Utica;322.52
Syracuse;1004.92
Rome;846.26
Syracuse;847.28
Rome;1374.4
Albany;1822.86
Rome;5289.92
Utica;1186.38
Rome;442.26
Syracuse;621.78
Syracuse;861.25
Albany;1031.37
Albany;924.0
Utica;711.51
Rome;317.28
Utica;730.32
Rome;1010.24
Albany;1049.6
Rome;4811.52
Rome;1059.63
Rome;2162.16
Rome;2906.75
Syracuse;1226.16
Albany;832.5
Albany;1143.04
Albany;1820.16
Rome;464.87
Syracuse;1717.92
Syracuse;1383.8
Utica;889.38
Utica;1352.4
Rome;553.32
Utica;920.72
Syracuse;3739.28
Utica;1186.5
Utica;2321.0
Albany;1848.7
Albany;1794.5
Rome;1250.23
Syracuse;862.4
Albany;2240.13
Syracuse;1484.28
Syracuse;5493.49
Rome;514.42
Utica;1465.2
Albany;1440.72
Rome;815.4
Albany;1019.6
Utica;1128.13
Rome;336.49
Syracuse;1573.44
Syracuse;1562.4
Syracuse;363.25
Syracuse;4338.57
Rome;1308.45
Utica;460.04
Albany;649.3
Syracuse;336.49
Utica;339.9
Syracuse;795.08
Utica;4177.92
Albany;1737.54
Utica;410.67
Rome;390.26
Albany;923.0
Syracuse;324.3
Utica;3572.8
Rome;3039.66
Utica;1750.86
Utica;5457.24
Albany;563.88
Albany;521.5
Rome;3190.22
Rome;1276.4
Rome;1795.75
Rome;1998.7
Utica;3909.54
Utica;1056.79
Syracuse;1794.0
Syracuse;3247.53
Albany;2170.08
Rome;1517.04
Syracuse;3267.47
Utica;382.0
Utica;762.28
Syracuse;1625.65
Syracuse;5571.72
Utica;247.52
Utica;1459.58
Rome;927.96
Utica;817.4
Albany;1439.25
Rome;1149.75
Albany;1115.37
Rome;368.69
Syracuse;1592.06
Utica;4187.38
Albany;191.66
Albany;734.16
Albany;1503.65
Albany;365.04
Albany;1368.4
Utica;1019.0
Syracuse;1664.24
Syracuse;1173.06
Albany;3303.6
Albany;4042.0
Albany;276.12
Rome;862.92
Rome;1919.56
Syracuse;2083.2
Rome;1039.17
Rome;354.0
Rome;1132.5
Utica;843.75
Utica;661.55
Albany;1019.85
Syracuse;1002.4
Albany;474.88
Syracuse;744.2
Rome;563.4
Utica;2999.15
Utica;3777.98
Rome;515.52
Utica;513.48
Syracuse;2431.94
Rome;1174.5
Utica;1714.0
Syracuse;3812.4
Rome;1252.29
Syracuse;559.8
Utica;677.6
Syracuse;470.09
Albany;944.62
Utica;712.53
Albany;506.6
Utica;914.76
Utica;5434.38
Syracuse;123.66
Utica;1566.84
Rome;402.48
Syracuse;773.67
Albany;3510.52
Albany;423.02
Syracuse;1295.28
Utica;2035.8
Rome;1649.85
Utica;3450.4
Utica;3300.5
Albany;1128.13
Syracuse;3795.75
Albany;627.9
Albany;1447.16
Syracuse;3128.58
Syracuse;2254.5
Albany;1842.5
Albany;1281.6
Utica;1106.0
Rome;900.48
Utica;353.1
Utica;1153.81
Albany;3189.24
Albany;1997.12
Syracuse;1077.75
Rome;1831.83
Rome;399.06
Syracuse;741.65
Utica;935.47
Rome;1151.58
Albany;3566.0
Rome;1915.96
Syracuse;3012.24
Utica;1280.1
Utica;1816.56
Syracuse;1128.13
Syracuse;925.92
Utica;4511.97
Syracuse;4392.36
Albany;1109.85
Albany;520.74
Rome;378.82
Albany;1191.24
Albany;1236.75
Utica;1490.58
Utica;591.26
Albany;2109.75
Utica;763.98
Utica;1362.43
Rome;1636.11
Utica;825.6
Utica;847.84
Albany;1659.52
Utica;383.13
Utica;744.93
Utica;1287.0
Albany;2061.9
Syracuse;1524.6
Albany;279.0
Albany;1666.5
Utica;285.0
Rome;5984.68
Utica;415.24
Rome;3419.81
Albany;335.28
Utica;1164.81
Syracuse;1500.6
Utica;1858.78
Syracuse;1298.4
Rome;2132.8
Albany;1394.4
Albany;1372.8
Albany;861.44
Syracuse;432.32
Rome;809.64
Albany;1298.84
Albany;950.82
Syracuse;1436.06
Syracuse;874.08
Rome;1288.76
Albany;277.97
Albany;1068.48
Rome;602.94
Syracuse;1506.38
Utica;1267.14
Syracuse;1635.05
Utica;512.38
Rome;600.84
Syracuse;1964.25
Syracuse;2293.5
Syracuse;3112.77
Rome;301.98
Albany;1292.69
Albany;1581.75
Albany;711.0
Syracuse;1527.33
Albany;442.5
Rome;1135.2
Syracuse;200.33
Utica;2213.96
Albany;993.55
Utica;787.64
Utica;2062.26
Utica;994.68
Utica;658.35
Albany;3306.96
Rome;4849.8
Rome;1046.52
Rome;4811.4
Rome;3948.69
Rome;374.16
Utica;5475.0
Syracuse;874.64
Rome;2253.15
Rome;322.08
Rome;3220.5
Syracuse;1580.1
Rome;508.9
Rome;669.9
Rome;417.96
Syracuse;966.12
Syracuse;1471.8
Utica;1149.23
Albany;3045.24
Albany;1989.69
Syracuse;1128.13
Syracuse;1390.4
Syracuse;1488.62
Utica;1497.54
Albany;1654.3
Albany;1150.1
Utica;1981.32
Utica;1454.52
Albany;690.42
Syracuse;1151.8
Utica;1204.71
Syracuse;2514.01
Albany;2066.7
Utica;1240.12
Albany;1416.1
Syracuse;1492.04
Albany;1131.76
Utica;540.6
Rome;1620.12
Albany;787.2
Albany;292.79
Utica;387.96
Rome;312.84
Albany;1124.8
Syracuse;2738.01
Albany;5010.54
Syracuse;365.4
Rome;2095.82
Utica;415.26
Albany;1842.12
Rome;3470.46
Utica;1274.65
Utica;3674.88
Albany;871.25
Albany;3971.94
Utica;1360.9
Rome;808.92
Syracuse;576.46
Albany;680.52
Utica;912.6
Syracuse;1623.56
Rome;336.95
Utica;1193.15
Utica;264.01
Rome;439.89
Albany;707.52
Rome;2671.89
Syracuse;930.9
Albany;1539.62
Utica;5524.51
Syracuse;4426.56
Syracuse;1153.35
Albany;529.44
Utica;211.96
Syracuse;960.21
Rome;1200.15
Rome;1071.0
Utica;3942.45
Rome;1321.24
Syracuse;1431.34
Utica;1126.42
Syracuse;4301.85
Syracuse;1646.88
Utica;996.65
Utica;3701.72
Albany;3632.85
Albany;1018.44
Albany;932.36
Syracuse;3703.56
Syracuse;637.35
Rome;1080.18
Syracuse;1508.23
Syracuse;449.28
Albany;5091.11
Albany;1813.5
Rome;465.9
Rome;1309.55
Rome;1137.38
Utica;438.96
Syracuse;787.4
Albany;1846.88
Rome;3655.26
Utica;340.56
Albany;2217.88
Utica;1262.5
Syracuse;1680.0
Utica;693.0
Rome;524.88
Utica;1122.42
Utica;1700.45
Utica;504.56
Albany;884.52
Albany;1298.8
Utica;387.75
Albany;5866.08
Utica;1298.96
Albany;3232.32
Utica;914.2
Rome;3884.4
Utica;1128.92
Syracuse;3045.38
Utica;971.74
Albany;322.14
Syracuse;783.96
Syracuse;403.78
Rome;507.87
Syracuse;1341.06
Utica;856.25
Albany;450.24
Rome;3077.62
Syracuse;1335.29
Rome;1330.0
Syracuse;1817.72
Utica;2542.8
Rome;1732.04
Syracuse;966.0
Utica;1706.1
Rome;1049.72
Albany;364.26
Syracuse;573.84
Albany;527.12
Syracuse;513.74
Albany;309.89
Albany;910.91
Syracuse;4004.4
Utica;3126.87
Syracuse;940.85
Albany;1486.08
Syracuse;936.66
Rome;1231.65
Utica;589.62
Albany;331.54
Utica;2086.56
Albany;1125.74
Utica;3722.4
Albany;1447.68
Syracuse;1720.33
Syracuse;1405.8
Rome;923.6
Syracuse;661.55
Albany;988.9
Rome;815.93
Albany;3449.2
Syracuse;768.48
Syracuse;1366.94
Albany;1777.84
Rome;1568.82
Syracuse;581.1
Rome;2174.13
Utica;1216.86
Utica;825.0
Albany;937.5
Albany;919.71
Albany;461.7
Rome;940.13
Utica;1831.44
Rome;1104.84
Syracuse;406.89
Syracuse;257.58
Rome;586.38
Utica;5076.36
Rome;4508.5
Syracuse;299.6
Albany;1061.14
Albany;3972.48
Rome;1644.72
Syracuse;1751.22
Utica;849.24
Utica;1896.2
Albany;2033.91
Syracuse;1187.27
Rome;1665.92
Utica;762.28
Utica;3314.87
Utica;981.54
Rome;1047.6
Rome;445.74
Rome;381.25
Rome;5258.88
Albany;1907.62
Albany;5738.88
Rome;592.04
Rome;1619.0
Syracuse;2585.1
Syracuse;1068.62
Utica;1479.15
Utica;992.56
Albany;255.6
Rome;4480.09
Utica;1731.75
Syracuse;1128.13
Utica;697.4
Albany;297.78
Utica;932.64
Syracuse;968.11
Syracuse;514.14
Albany;559.08
Rome;2362.82
Syracuse;1761.7
Rome;307.2
Rome;270.0
Syracuse;1385.76
Albany;1361.38
Syracuse;4256.14
Syracuse;3519.85
Rome;4888.62
Rome;1566.12
Albany;302.5
Albany;1547.52
Rome;1257.42
Utica;1159.02
Rome;5374.2
Utica;1289.4
Rome;1813.5
Syracuse;1128.13
Albany;2088.99
Utica;802.4
Syracuse;1047.28
Syracuse;2672.82
Rome;452.69
Utica;1939.77
Rome;3381.6
Albany;1419.0
Utica;1270.5
Syracuse;779.38
Utica;1181.9
Rome;2981.88
Utica;294.31
Albany;433.55
Albany;901.6
Syracuse;977.3
Rome;307.65
Utica;5369.76
Albany;2667.3
Rome;1515.8
Rome;430.98
Syracuse;1084.8
Utica;1720.64
Utica;486.92
Syracuse;1722.7
Utica;352.25
Utica;305.97
Rome;2981.3
Albany;3224.13
Utica;427.2
Albany;560.24
Utica;981.06
Rome;5008.08
Syracuse;1234.32
Albany;1143.1
Albany;4411.5
Utica;1256.44
Syracuse;5219.73
Syracuse;495.52
Albany;1157.28
Utica;1681.2
Rome;292.6
Rome;1401.84
Rome;617.0
Utica;1667.32
Albany;1307.2
Utica;287.6
Syracuse;381.73
Utica;1964.25
Rome;533.88
Albany;2585.34
Utica;733.7
Rome;1561.3
Utica;4246.08
Utica;730.24
Utica;1226.16
Syracuse;193.05
Rome;495.33
Albany;1128.96
Syracuse;1757.98
Rome;1518.72
Utica;1890.8
Albany;1120.56
Albany;3383.64
Rome;1422.4
Albany;906.25
Albany;1091.2
Syracuse;2106.14
Rome;1032.06
Albany;2654.08
Syracuse;1554.15
Syracuse;1081.44
Syracuse;320.54
Syracuse;415.52
Rome;1748.79
Rome;1652.55
Utica;1586.82
Utica;405.81
Albany;4968.28
Utica;608.58
Albany;1369.55
Rome;1416.42
Albany;1953.9
Rome;2812.32
Syracuse;6037.13
Albany;1193.96
Rome;1887.76
Rome;834.12
Albany;433.16
Albany;1372.8
Albany;540.05
Utica;892.33
Syracuse;2150.04
Albany;404.73
Albany;1859.68
Utica;440.2
Utica;1237.46
Syracuse;1128.13
Albany;338.33
Rome;559.74
Utica;3118.73
Syracuse;347.38
Albany;1353.82
Albany;959.61
Syracuse;438.0
Albany;821.04
Albany;2526.6
Utica;1259.79
Syracuse;2075.0
Rome;961.45
Utica;2106.0
Albany;1363.6
Albany;1810.12
Albany;3453.76
Syracuse;758.16
Syracuse;1356.32
Rome;2241.96
Utica;434.52
Rome;498.78
Syracuse;4400.24
Utica;1283.7
Rome;2764.27
Utica;1350.9
Syracuse;622.6
Albany;220.05
Syracuse;2291.85
Utica;422.24
Utica;297.6
Syracuse;1081.73
Syracuse;930.93
Rome;394.2
Utica;3503.86
Syracuse;1113.0
Utica;173.03
Utica;837.09
Utica;1184.46
Utica;3659.4
Syracuse;3899.59
Rome;1174.96
Albany;4476.5
Rome;1152.9
Utica;897.35
Utica;401.49
Albany;1355.75
Albany;1565.79
Utica;1043.46
Rome;3666.08
Albany;471.0
Albany;1365.15
Utica;745.92
Albany;585.2
Utica;627.52
Syracuse;1321.11
Utica;4756.86
Syracuse;549.6
Utica;567.58
Albany;1735.02
Albany;1037.85
Albany;1965.6
Albany;1237.2
Rome;1365.78
Albany;5014.24
Utica;2705.01
Utica;1592.5
Syracuse;4167.5
Albany;1260.09
Utica;896.7
Syracuse;996.93
Utica;3778.41
Albany;959.22
Utica;1128.13
Albany;865.48
Syracuse;1027.14
Syracuse;529.8
Rome;449.5
Albany;590.73
Rome;433.07
Utica;4974.96
Syracuse;306.6
Rome;1017.28
Syracuse;776.13
Albany;557.1
Rome;461.3
Rome;1260.83
Albany;1087.8
Syracuse;1581.78
Utica;964.41
Albany;473.68
Albany;384.48
Utica;2335.97
Utica;1143.3
Rome;753.83
Utica;1189.02
Rome;487.55
Rome;1729.5
Rome;927.21
Utica;869.96
Albany;1395.18
Utica;4651.92
Syracuse;3102.75
Utica;2844.72
Utica;5361.93
Albany;1876.2
Rome;1097.45
Rome;4888.24
Syracuse;432.48
Albany;1173.15
Albany;1184.4
Albany;3381.2
Rome;443.7
Utica;3160.44
Rome;1151.04
Rome;251.84
Syracuse;485.18
Albany;1017.52
Rome;541.62
Albany;808.11
Albany;1083.24
Utica;3986.82
Albany;717.06
Albany;1069.64
Albany;447.95
Rome;743.4
Syracuse;354.75
Syracuse;309.0
Utica;411.88
Albany;1136.28
Rome;187.72
Syracuse;536.86
Utica;1219.92
Syracuse;982.36
Utica;1998.27
Albany;429.6
Albany;1081.08
Syracuse;1349.04
Albany;3503.2
Albany;345.18
Utica;554.4
Albany;1785.24
Rome;435.68
Syracuse;461.1
Utica;1064.8
Rome;975.68
Albany;1161.66
Utica;402.84
Utica;1266.66
Albany;1458.13
Albany;1276.8
Syracuse;1573.16
Syracuse;361.25
Syracuse;327.52
Rome;1163.83
Syracuse;990.72
Syracuse;1935.5
Syracuse;1348.65
Syracuse;1128.13
Albany;385.2
Albany;3095.48
Albany;354.48
Rome;609.9
Utica;402.96
Rome;1819.58
Rome;1128.13
Rome;370.0
Syracuse;370.17
Utica;3231.58
Rome;1128.13
Utica;810.6
Rome;970.92
Rome;1453.44
Albany;439.28
Utica;471.51
Albany;4706.9
Albany;285.38
Albany;3616.0
Rome;1835.96
Rome;514.24
Utica;539.1
Rome;400.5
Rome;501.93
Albany;1128.13
Syracuse;4958.25
Syracuse;447.93
Utica;542.01
Albany;3613.33
Rome;2980.44
Rome;1270.88
Syracuse;1128.13
Rome;734.4
Utica;517.11
Rome;4099.34
Syracuse;413.37
Rome;1604.16
Utica;505.05
Utica;1296.35
Albany;732.48
Albany;528.96
Rome;1460.25
Albany;960.96
Albany;1150.38
Rome;568.56
Rome;3529.68
Syracuse;1060.8
Syracuse;636.56
Utica;1493.79
Utica;5510.4
Albany;3861.7
Utica;1056.0
Utica;732.78
Rome;2735.3
Rome;978.98
Albany;232.5
Syracuse;332.35
Albany;4349.1
Rome;320.39
Syracuse;2690.76
Albany;1430.6
Utica;1128.13
Rome;1245.6
Rome;712.86
Utica;1132.32
Rome;1693.6
Syracuse;252.18
Albany;948.72
Rome;347.16
Syracuse;4238.0
Albany;1025.83
Albany;1128.13
Albany;2041.44
Syracuse;1104.96
Rome;385.0
Rome;3600.08
Rome;1877.58
Albany;420.79
Utica;454.41
Utica;1143.1
Albany;1999.47
Utica;442.83
Syracuse;985.92
Utica;650.96
Utica;3713.4
Utica;1680.96
Rome;1239.18
Albany;2833.25
Rome;1095.12
Albany;1212.56
Utica;1033.5
Rome;936.0
Utica;892.08
Rome;1535.36
Albany;2200.48
Utica;427.14
Utica;1436.54
Rome;1367.28
Rome;1430.08
Syracuse;993.83
Syracuse;3999.0
Syracuse;432.32
Albany;2885.76
Utica;1521.33
Syracuse;532.84
Syracuse;415.14
Rome;270.9
Syracuse;2127.04
Syracuse;2683.37
Utica;1622.25
Syracuse;999.6
Syracuse;1638.72
Rome;1328.04
Rome;878.56
Rome;2017.47
Syracuse;1078.56
Rome;1076.02
Utica;1717.2
Rome;520.52
Rome;262.44
Syracuse;1025.6
Albany;1553.48
Albany;1963.59
Albany;693.36
Utica;3547.6
Utica;455.1
Syracuse;1006.57
Syracuse;2445.28
Syracuse;1684.76
Syracuse;989.91
Albany;635.0
Albany;1461.24
Rome;1421.31
Utica;4738.5
Syracuse;860.28
Syracuse;1880.8
Rome;1368.4
Syracuse;315.48
Rome;1128.13
Syracuse;890.1
Syracuse;396.9
Rome;940.24
Utica;1030.72
Syracuse;1521.57
Albany;1012.48
Albany;1334.0
Rome;3709.64
Utica;1511.55
Rome;1895.6
Syracuse;272.79
Utica;1458.2
Albany;4727.08
Albany;1336.05
Utica;528.88
Syracuse;1128.13
Albany;779.98
Albany;1667.68
Utica;1384.46
Albany;357.84
Rome;648.4
Syracuse;1165.15
Rome;1734.51
Rome;413.42
Utica;1443.84
Rome;1287.0
Rome;2158.32
Rome;556.38
Rome;625.24
Albany;1122.88
Utica;1673.35
Syracuse;1446.31
Rome;454.43
Utica;3212.8
Albany;3820.38
Syracuse;1441.35
Albany;829.47
Albany;1883.25
Utica;3471.39
Rome;2131.5
Albany;932.64
Utica;1528.12
Utica;536.0
Utica;2984.85
Albany;1211.96
Utica;871.36
Rome;785.92
Utica;335.16
Utica;707.94
Syracuse;408.61
Utica;1642.2
Albany;2176.5
Utica;4372.16
Rome;1961.7
Syracuse;1092.0
Utica;2337.3
Albany;1113.66
Syracuse;902.48
Albany;4986.0
Rome;1364.37
Syracuse;1077.12
Utica;3234.0
Albany;270.37
Syracuse;908.0
Syracuse;1098.36
Syracuse;4409.08
Syracuse;1093.75
Rome;2006.16
Rome;322.35
Syracuse;860.16
Rome;3573.56
Albany;524.3
Utica;2300.86
Rome;997.12
Rome;1628.74
Utica;225.9
Albany;312.4
Utica;806.48
Syracuse;1761.76
Utica;4336.2
Syracuse;1534.59
Albany;3533.74
Utica;1631.7
Albany;315.04
Utica;999.6
Utica;1405.2
Syracuse;374.64
Syracuse;1407.24
Albany;2036.16
Syracuse;1052.52
Utica;1116.9
Syracuse;4193.42
Syracuse;784.0
Rome;3795.92
Rome;397.68
Albany;3202.26
Syracuse;1075.12
Utica;990.14
Albany;1452.04
Albany;533.75
Syracuse;982.5
Syracuse;684.6
Albany;566.16
Albany;1021.7
Utica;1009.98
Albany;1333.36
Utica;1814.38
Rome;1728.86
Syracuse;988.68
Albany;1631.16
Rome;1128.13
Utica;1156.0
Syracuse;325.16
Albany;1244.8
Albany;4848.62
Albany;5005.17
Rome;4242.18
Utica;1231.64
Syracuse;1068.48
Utica;478.8
Rome;916.92
Rome;539.35
Syracuse;209.58
Albany;1466.25
Syracuse;1781.46
Rome;5439.92
Syracuse;1615.02
Utica;884.16
Rome;919.98
Rome;419.85
Syracuse;1579.41
Utica;916.2
Syracuse;316.05
Rome;4218.24
Syracuse;1097.86
Utica;807.12
Rome;1105.0
Rome;5594.24
Utica;221.34
Syracuse;1053.43
Rome;1438.8
Utica;1871.46
Utica;555.48
Rome;1857.63
Albany;3383.25
Rome;282.91
Albany;4530.6
Rome;756.49
Rome;866.52
Rome;1868.79
Rome;1169.64
Utica;455.88
Syracuse;4557.06
Syracuse;1304.92
Rome;1310.8
Rome;1517.55
Rome;897.75
Albany;889.48
Utica;868.76
Albany;934.67
Syracuse;1764.72
Albany;1420.2
Albany;875.0
Albany;3101.35
Syracuse;421.4
Utica;1923.46
Albany;1963.92
Syracuse;414.7
Rome;1110.24
Albany;962.39
Syracuse;1476.3
Utica;283.0
Rome;1354.56
Utica;3991.26
Rome;1310.4
Albany;1369.8
Syracuse;1268.8
Utica;475.85
Utica;970.56
Utica;373.1
Syracuse;349.83
Utica;889.84
Rome;2009.28
Syracuse;623.61
Rome;172.12
Rome;1128.13
Utica;3800.98
Albany;376.22
Syracuse;288.8
Albany;3495.66
Rome;1191.84
Syracuse;1305.18
Syracuse;3958.2
Utica;6120.1
Albany;604.56
Utica;604.42
Syracuse;1350.54
Syracuse;522.58
Syracuse;959.7
Syracuse;4048.38
Albany;293.16
Albany;5335.72
Utica;4185.09
Syracuse;1727.43
Syracuse;426.72
Albany;4606.68
Rome;1074.17
Rome;1128.13
Albany;1063.14
Albany;633.65
Rome;794.5
Utica;1644.5
Albany;756.48
Syracuse;1064.1
Syracuse;1718.42
Syracuse;4555.53
Utica;3228.54
Rome;638.55
Rome;1349.4
Utica;411.48
Albany;1451.99
Utica;1496.24
Syracuse;1083.98
Syracuse;610.04
Rome;466.55
Syracuse;834.0
Rome;1512.0
Rome;835.76
Rome;4082.96
Utica;445.76
Syracuse;698.5
Utica;1191.96
Albany;358.25
Utica;379.2
Albany;349.92
Syracuse;869.13
Rome;1579.5
Utica;1973.86
Syracuse;2634.24
Rome;771.12
Utica;936.41
Rome;367.25
Utica;813.38
Rome;1040.8
Utica;657.66
Syracuse;1331.04
Syracuse;1279.2
Syracuse;1128.13
Rome;2004.24
Utica;986.0
Syracuse;3490.33
Rome;181.61
Rome;4845.68
Utica;4255.65
Syracuse;302.5
Rome;371.79
Utica;965.06
Rome;1440.0
Rome;896.83
Syracuse;2153.28
Rome;1361.7
Utica;5524.77
Rome;4502.79
Rome;1673.36
Albany;842.16
Utica;1311.24
Albany;1709.25
Syracuse;3380.4
Syracuse;1806.75
Rome;4334.34
Utica;318.78
Albany;775.61
Rome;1056.61
Albany;1409.76
Albany;1393.08
Albany;1012.32
Utica;491.66
Syracuse;872.96
Syracuse;1006.83
Rome;782.73
Syracuse;4850.45
Rome;3350.4
Rome;1653.56
Rome;1365.12
Syracuse;1099.44
Syracuse;961.17
Rome;535.5
Utica;1244.88
Utica;1569.22
Utica;4052.91
Syracuse;724.47
Utica;340.86
Syracuse;1195.1
Rome;3573.15
Rome;3172.68
Syracuse;1171.2
Syracuse;1295.14
Utica;3592.68
Albany;1128.13
Rome;1623.33
Utica;825.84
Utica;4879.89
Syracuse;2258.6
Utica;613.4
Utica;1671.5
Syracuse;744.42
Albany;1363.96
Rome;2185.82
Albany;960.9
Utica;802.23
Syracuse;1396.2
Rome;2011.75
Albany;4439.04
Albany;269.1
Albany;2623.22
Albany;713.88
Albany;737.89
Syracuse;722.3
Rome;3982.56
Utica;801.72
Syracuse;1973.16
Rome;887.6
Utica;1086.4
Utica;959.53
Syracuse;1586.56
Utica;5651.58
Utica;1545.69
Rome;977.6
Albany;885.6
Rome;1128.13
Rome;1085.35
Syracuse;3920.27
Albany;794.84
Albany;408.51
Syracuse;3941.89
Syracuse;1388.9
Rome;1096.16
Syracuse;232.8
Utica;1056.66
Rome;1435.3
Albany;525.36
Utica;4100.2
Albany;577.94
Albany;3136.14
Rome;823.04
Rome;528.93
Syracuse;524.8
Albany;1331.61
Syracuse;4382.0
Rome;1001.35
Rome;2234.52
Utica;3581.76
Syracuse;2039.31
Albany;1779.96
Syracuse;3056.57
Syracuse;826.8
Utica;621.22
Albany;393.5
Utica;535.5
Syracuse;975.8
Rome;3127.32
Albany;311.01
Albany;585.89
Syracuse;760.8
Syracuse;999.54
Rome;2311.05
Utica;1108.8
Rome;3155.77
Albany;575.34
Albany;1597.12
Rome;1691.2
Rome;1152.55
Utica;961.87
Albany;362.44
Syracuse;1569.6
Albany;2441.88
Syracuse;1373.85
Albany;127.35
Rome;1314.78
Albany;121.2
Rome;304.08
Rome;487.2
Syracuse;484.16
Syracuse;493.44
Rome;1106.7
Syracuse;1039.92
Albany;2226.11
Syracuse;479.57
Utica;4417.92
Syracuse;796.25
Syracuse;1067.5
Syracuse;1025.57
Syracuse;536.35
Utica;472.41
Rome;971.7
Rome;1322.02
Rome;1765.48
Rome;1189.44
Utica;2785.92
Utica;1059.52
Syracuse;1128.13
Utica;600.0
Utica;387.66
Utica;856.8
Utica;1128.13
Albany;1055.76
Syracuse;1450.24
Syracuse;1712.25
Syracuse;831.6
Albany;1073.88
Albany;1649.54
Albany;1277.64
Rome;939.3
Rome;252.79
Rome;1588.09
Rome;1141.21
Utica;808.68
Rome;1122.0
Albany;6119.88
Rome;448.5
Albany;534.45
Syracuse;1206.12
Rome;4065.53
Rome;327.08
Syracuse;393.12
Utica;832.86
Rome;2968.92
Utica;1061.06
Albany;928.2
Rome;3013.5
Utica;1219.3
Utica;910.5
Albany;1096.5
Albany;626.0
Albany;5697.12
Syracuse;3972.6
Rome;561.24
Utica;233.6
Albany;406.12
Rome;453.04
Syracuse;386.62
Syracuse;1388.18
Albany;881.4
Syracuse;3182.76
Syracuse;387.72
Rome;1372.92
Utica;437.4
Albany;505.89
Albany;427.2
Rome;662.5
Syracuse;919.88
Syracuse;750.04
Rome;3971.04
Rome;423.4
Utica;777.6
Syracuse;3579.03
Syracuse;1252.9
Albany;545.65
Utica;684.72
Syracuse;1233.69
Rome;860.16
Utica;3991.5
Albany;1514.66
Albany;218.55
Rome;158.73
Albany;1357.92
Albany;3969.12
Syracuse;4746.41
Utica;1555.72
Albany;840.72
Syracuse;1380.74
Utica;2854.98
Albany;997.76
Rome;810.0
Albany;1820.88
Albany;1451.81
Albany;351.9
Utica;4163.04
Albany;473.04
Utica;622.25
Rome;540.26
Utica;1204.72
Syracuse;372.58
Albany;953.6
Syracuse;679.32
Syracuse;1525.48
Rome;3586.8
Utica;366.24
Albany;1659.45
Syracuse;840.65
Albany;838.1
Syracuse;2953.17
Syracuse;1151.58
Albany;239.87
Utica;571.9
Albany;996.81
Syracuse;415.17
Utica;486.7
Syracuse;3304.0
Utica;373.29
Albany;2994.02
Utica;2329.56
Rome;650.25
Utica;1755.36
Utica;806.68
Syracuse;840.09
Syracuse;1178.45
Syracuse;1358.36
Albany;1771.2
Albany;1733.9
Albany;366.16
Utica;1299.2
Rome;286.52
Syracuse;1260.96
Utica;1349.04
Utica;1186.36
Rome;1106.88
Albany;3328.15
Syracuse;824.32
Albany;449.13
Rome;1055.26
Syracuse;1401.37
Syracuse;359.49
Syracuse;426.56
Rome;686.7
Syracuse;1993.41
Syracuse;631.68
Rome;1034.1
Albany;980.2
Albany;1799.2
Albany;249.28
Syracuse;496.53
Albany;1352.45
Syracuse;1942.12
Syracuse;385.32
Syracuse;352.82
Utica;385.84
Syracuse;1085.4
Syracuse;4033.59
Albany;1561.14
Syracuse;4493.61
Utica;291.64
Albany;1464.72
Utica;234.4
Utica;4721.77
Syracuse;5419.7
Albany;1668.96
Syracuse;673.2
Utica;2654.84
Rome;1340.22
Utica;1144.92
Rome;3311.2
Utica;1115.1
Albany;443.7
Albany;1706.8
Syracuse;1379.84
Rome;729.64
Utica;2141.23
Utica;543.72
Syracuse;2044.5
Utica;1836.68
Utica;490.5
Syracuse;1743.84
Rome;434.56
Rome;1285.0
Albany;1091.4
Rome;786.75
Utica;1622.16
Rome;918.4
Utica;782.43
Albany;628.0
Albany;2019.15
Rome;1444.59
Rome;434.94
Utica;344.54
Utica;1183.7
Syracuse;1214.0
Rome;1899.87
Utica;886.72
Syracuse;1265.77
Albany;1426.8
Syracuse;794.43
Albany;626.48
Syracuse;1637.76
Albany;3516.98
Utica;1675.44
Utica;1020.24
Albany;287.66
Albany;777.0
Utica;408.32
Syracuse;691.2
Albany;4496.5
Albany;672.04
Rome;415.28
Syracuse;891.1
Syracuse;748.8
Albany;4768.05
Albany;3422.27
Albany;1010.47
Utica;2652.8
Utica;2242.04
Rome;1174.25
Syracuse;812.5
Utica;1012.31
Utica;522.92
Utica;1274.95
Albany;1241.76
Albany;1405.44
Syracuse;2760.78
Albany;1600.56
Rome;1777.84
Utica;2124.25
Syracuse;891.72
Rome;1509.48
Syracuse;628.74
Syracuse;1973.4
Rome;1215.16
Rome;554.2
Albany;1131.0
Utica;1021.36
Rome;644.19
Syracuse;288.6
Utica;498.44
Albany;1127.88
Utica;3604.68
Rome;1128.13
Albany;1310.19
Utica;2635.62
Rome;3102.7
Utica;744.12
Rome;5298.15
Utica;1436.66
Rome;3595.24
Albany;1220.43
Rome;286.2
Albany;461.32
Albany;391.0
Albany;1120.32
Albany;950.7
Utica;1240.59
Rome;976.32
Utica;315.63
Utica;1267.89
Syracuse;3441.6
Albany;289.8
Syracuse;439.52
Albany;1316.7
Utica;483.0
Utica;1577.6
Syracuse;1488.0
Utica;1034.7
Albany;622.84
Utica;3205.41
Albany;490.56
Albany;1285.71
Albany;1488.96
Syracuse;498.96
Albany;1315.2
Rome;1378.08
Syracuse;416.88
Syracuse;364.75
Rome;922.31
Utica;795.12
Albany;859.88
Syracuse;571.9
Rome;975.56
Rome;3924.26
Syracuse;408.24
Syracuse;1623.68
Utica;1251.0
Syracuse;4222.29
Utica;708.0
Albany;1024.65
Syracuse;595.58
Albany;2104.6
Rome;969.65
Rome;894.88
Rome;624.26
Rome;850.08
Rome;4840.96
Syracuse;533.7
Rome;1208.0
Syracuse;2703.69
Utica;3803.24
Rome;4119.84
Albany;1728.54
Albany;3528.72
Utica;1606.44
Albany;1632.4
Albany;5487.56
Rome;480.32
Albany;831.84
Syracuse;518.0
Albany;3664.46
Utica;232.48
Albany;1333.73
Rome;3744.0
Utica;326.37
Rome;343.5
Syracuse;1229.9
Albany;824.72
Utica;1128.13
Utica;367.9
Rome;794.64
Rome;1118.72
Rome;1702.14
Rome;3739.79
Utica;465.92
Utica;3709.86
Syracuse;1729.5
Utica;563.92
Utica;2503.71
Syracuse;2997.74
Albany;904.23
Utica;1542.0
Utica;2705.67
Utica;3332.96
Utica;275.2
Syracuse;814.07
Rome;374.75
Albany;1266.8
Albany;242.55
Syracuse;1360.0
Utica;3212.8
Rome;1017.39
Syracuse;745.5
Rome;2559.04
Rome;1489.24
Albany;1291.36
Rome;348.68
Rome;719.28
Utica;498.96
Albany;2582.3
Utica;466.2
Albany;984.96
Rome;1166.4
Rome;541.1
Rome;1948.8
Albany;1538.4
Albany;2251.26
Syracuse;508.16
Rome;3197.88
Albany;338.79
Rome;245.34
Utica;919.08
Albany;812.8
Rome;1400.4
Albany;4508.0
Albany;1943.5
Utica;2739.52
Albany;3983.09
Utica;338.64
Albany;225.3
Syracuse;3858.75
Syracuse;651.64
Rome;3341.6
Rome;444.64
Albany;1042.08
Syracuse;659.2
Utica;2904.0
Syracuse;1104.46
Albany;4050.24
Rome;363.25
Rome;1281.36
Rome;852.17
Syracuse;271.32
Syracuse;496.65
Utica;896.98
Utica;328.86
Utica;960.0
Utica;803.28
Utica;165.44
Rome;928.58
Utica;1952.91
Syracuse;4395.0
Rome;522.39
Albany;526.02
Albany;1422.3
Syracuse;1128.13
Utica;1359.23
Rome;666.93
Utica;396.5
Albany;802.2
Utica;291.48
Rome;1099.86
Syracuse;1950.92
Utica;889.71
Albany;455.0
Utica;696.57
Syracuse;429.2
Utica;1120.0
Rome;731.4
Albany;1575.2
Albany;1377.69
Utica;213.5
Utica;466.88
Utica;770.4
Rome;430.07
Syracuse;3730.25
Utica;540.05
Syracuse;4325.28
Rome;584.82
Rome;2017.05
Rome;3995.46
Utica;1335.15
Rome;734.39
Syracuse;4257.36
Syracuse;1447.68
Rome;1422.44
Rome;1008.6
Syracuse;1068.54
Rome;1239.6
Utica;1160.25
Rome;876.42
Syracuse;1128.13
Rome;4342.87
Syracuse;1450.58
Utica;856.68
Utica;1500.96
Rome;417.2
Syracuse;1108.45
Albany;375.18
Utica;4473.0
Utica;1017.74
Albany;719.62
Utica;1390.26
Albany;416.07
Rome;1462.56
Syracuse;761.67
Rome;3864.27
Albany;772.38
Rome;4837.04
Rome;4631.2
Utica;982.72
Rome;1095.12
Albany;890.59
Utica;880.91
Rome;3784.05
Syracuse;3153.62
Rome;677.46
Rome;1390.58
Syracuse;2339.4
Syracuse;724.39
Utica;3851.82
Albany;4635.91
Syracuse;567.7
Albany;3669.6
Rome;232.35
Rome;1128.13
Albany;1563.59
Syracuse;1356.28
Syracuse;400.2
Rome;3864.0
Syracuse;1513.26
Utica;875.88
Rome;845.37
Utica;4970.7
Utica;1128.13
Albany;1739.5
Syracuse;149.3
Utica;1405.8
Albany;1049.92
Utica;816.48
Utica;1240.8
Albany;1298.46
Syracuse;1128.13
Utica;2716.56
Syracuse;2910.27
Albany;1624.35
Rome;2565.44
Rome;951.52
Syracuse;362.02
Syracuse;2356.2
Albany;775.1
Rome;1120.35
Utica;4063.5
Syracuse;2767.68
Rome;1139.4
Utica;520.74
Utica;858.6
Syracuse;262.8
Utica;803.4
Rome;3018.75
Rome;1211.82
Syracuse;335.28
Utica;427.28
Rome;1040.04
Rome;280.8
Utica;298.2
Syracuse;1407.33
Syracuse;1250.15
Rome;2449.26
Rome;878.56
Rome;1610.7
Syracuse;351.34
Albany;524.48
Albany;423.4
Albany;397.17
Rome;1428.75
Syracuse;1326.8
Utica;2421.41
Rome;1364.88
Albany;508.2
Syracuse;539.0
Albany;254.72
Albany;145.2
Albany;435.68
Rome;1098.9
Albany;566.03
Utica;1800.56
Utica;699.16
Syracuse;1533.0
Utica;741.73
Syracuse;3535.2
Syracuse;1097.45
Syracuse;3467.5
Rome;335.79
Syracuse;1674.54
Utica;661.44
Albany;1903.9
Utica;1454.06
Rome;2241.3
Utica;1333.8
Utica;1156.35
Syracuse;401.94
Utica;886.82
Rome;1036.5
Rome;7021.63
Rome;2050.93
Rome;796.18
Albany;452.4
Rome;954.6
Utica;3040.45
Utica;1405.95
Albany;403.92
Utica;1359.12
Syracuse;684.69
Syracuse;2865.72
Utica;320.39
Rome;911.88
Syracuse;396.36
Syracuse;1632.8
Utica;1035.32
Syracuse;1125.16
Syracuse;1373.52
Utica;336.72
Utica;379.5
Syracuse;4286.4
Syracuse;915.6
Albany;2042.5
Rome;313.06
Syracuse;2603.7
Albany;1128.13
Albany;737.23
Albany;1353.6
Utica;1417.65
Rome;2154.62
Rome;329.34
Utica;3715.36
Utica;466.03
Rome;699.47
Syracuse;133.56
Utica;2554.88
Syracuse;1506.26
Utica;3540.18
Utica;1205.83
Utica;1149.35
Utica;4018.56
Rome;1415.56
Syracuse;1015.6
Albany;2003.94
Albany;4515.28
Syracuse;1192.8
Rome;623.0
Syracuse;2808.96
Rome;2037.84
Rome;4779.01
Rome;1880.25
Utica;1284.6
Albany;508.97
Syracuse;3897.45
Syracuse;1415.99
Albany;324.87
Syracuse;491.35
Syracuse;1454.06
Albany;1258.17
Utica;884.5
Utica;325.45
Utica;1130.5
Rome;1027.84
Rome;816.75
Utica;3369.79
Albany;3131.31
Albany;2148.2
Utica;652.47
Rome;876.36
Utica;2599.35
Utica;1088.78
Albany;2956.16
Utica;1758.57
Albany;1331.6
Albany;941.63
Albany;2340.75
Utica;1668.96
Syracuse;327.14
Albany;915.9
Syracuse;1155.18
Utica;1627.6
Rome;730.8
Syracuse;4119.55
Albany;949.79
Syracuse;660.87
Utica;407.96
Syracuse;1048.25
Albany;2476.56
Rome;1154.82
Syracuse;289.8
Rome;1322.96
Syracuse;4885.29
Albany;1375.2
Albany;492.69
Albany;3772.12
Albany;301.4
Rome;3192.73
Albany;2251.5
Syracuse;616.62
Syracuse;289.75
Rome;409.5
Syracuse;793.44
Utica;303.24
Syracuse;857.85
Syracuse;718.3
Utica;262.39
Syracuse;501.02
Utica;691.84
Albany;3085.8
Rome;349.37
Albany;329.36
Rome;680.24
Syracuse;1261.98
Utica;395.82
Utica;1388.9
Albany;3248.97
Rome;1451.36
Albany;1123.77
Rome;970.5
Albany;1539.85
Syracuse;532.56
Albany;4601.61
Albany;376.74
Utica;1341.9
Utica;2032.8
Utica;1164.12
Rome;987.84
Syracuse;3540.35
Utica;1016.0
Albany;571.0
Albany;330.51
Rome;1077.48
Utica;1139.06
Utica;1510.74
Utica;1593.9
Syracuse;338.56
Rome;616.4
Rome;420.0
Rome;985.64
Albany;805.95
Albany;406.9
Syracuse;397.54
Utica;5063.52
Albany;1669.2
Albany;768.0
Utica;1909.78
Albany;1160.28
Albany;512.64
Rome;398.82
Rome;1610.44
Utica;1428.68
Rome;1047.75
Albany;3169.05
Syracuse;2973.32
Rome;2097.41
Syracuse;232.96
Albany;1095.75
Utica;5357.63
Albany;805.63
Syracuse;1231.09
Utica;913.71
Albany;1897.74
Albany;723.52
Rome;1020.52
Syracuse;3177.65
Utica;5031.5
Albany;1611.54
Utica;2909.16
Albany;1096.64
Utica;1877.4
Utica;633.2
Utica;5383.68
Albany;933.44
Albany;688.05
Utica;1081.5
Syracuse;4211.5
Utica;332.64
Rome;297.57
Syracuse;965.58
Syracuse;704.88
Albany;259.08
Albany;1142.57
Albany;3536.75
Syracuse;823.25
Syracuse;877.5
Utica;1705.28
Rome;209.4
Syracuse;1689.84
Rome;3756.48
Syracuse;822.96
Rome;1320.53
Syracuse;1083.76
Albany;2229.68
Albany;1248.03
Rome;2271.06
Rome;3905.3
Syracuse;1364.67
Albany;318.57
Rome;375.75
Rome;1419.47
Utica;3612.4
Utica;1069.2
Syracuse;1117.71
Syracuse;341.28
Syracuse;1003.53
Rome;214.24
Rome;460.2
Utica;1015.5
Albany;328.02
Rome;3014.78
Syracuse;1128.13
Rome;1873.6
Albany;410.24
Rome;793.86
Utica;890.27
Albany;2037.15
Albany;2327.13
Syracuse;1128.13
Rome;3758.12
Syracuse;897.28
Rome;815.76
Albany;1124.64
Albany;184.73
Rome;4893.84
Syracuse;3840.81
Rome;829.54
Syracuse;487.78
Utica;3307.14
Rome;884.45
Albany;564.62
Utica;460.28
Albany;1717.98
Albany;378.56
Syracuse;437.72
Syracuse;799.68
Rome;830.82
Utica;1311.24
Rome;1322.66
Utica;252.89
Rome;4674.78
Albany;389.34
Syracuse;620.6
Rome;285.4
Albany;354.96
Albany;1192.5
Utica;727.05
Syracuse;1583.48
Albany;392.64
Rome;1224.0
Albany;1585.78
Rome;1083.3
Albany;2957.92
Albany;3102.4
Rome;1122.8
Syracuse;295.2
Utica;4495.5
Rome;1287.06
Rome;303.6
Rome;994.16
Albany;394.11
Utica;1128.13
Utica;1764.18
Utica;1183.12
Utica;967.73
Albany;1597.92
Rome;1230.04
Rome;1262.24
Rome;2953.08
Albany;1310.8
Utica;300.93
Utica;754.35
Albany;2805.6
Utica;524.16
Albany;522.72
Albany;4306.08
Rome;4163.26
Rome;3135.75
Rome;257.58
Rome;763.14
Rome;366.75
Utica;1844.52
Rome;735.54
Rome;4163.04
Syracuse;1514.81
Rome;4764.25
Rome;1340.07
Rome;3663.44
Albany;4717.9
Albany;3049.5
Utica;1586.56
Syracuse;1219.26
Utica;4529.2
Rome;483.29
Syracuse;1239.03
Albany;1723.8
Syracuse;826.8
Utica;3788.1
Rome;965.06
Syracuse;3599.1
Utica;1128.13
Syracuse;985.92
Rome;1348.6
Rome;1678.95
Utica;705.66
Albany;2140.84
Rome;550.55
Albany;652.2
Albany;1409.94
Rome;690.1
Utica;1170.4
Rome;730.25
Syracuse;1968.72
Utica;2157.96
Utica;1326.78
Albany;451.52
Albany;1941.6
Syracuse;1416.36
Albany;1050.7
Syracuse;628.81
Syracuse;1699.92
Syracuse;874.08
Syracuse;1924.23
Rome;2125.32
Utica;890.22
Utica;1501.2
Utica;1269.62
Rome;2240.1
Utica;1128.13
Utica;318.36
Syracuse;362.32
Rome;621.78
Utica;1593.0
Utica;458.64
Rome;1368.04
Utica;1176.0
Albany;1644.0
Albany;917.6
Syracuse;1588.08
Utica;464.44
Rome;989.04
Rome;4696.99
Utica;917.7
Rome;1407.82
Syracuse;868.58
Rome;3271.71
Utica;4888.24
Rome;1694.0
Rome;1029.42
Albany;835.38
Rome;1613.57
Rome;1375.57
Albany;1821.3
Syracuse;4582.44
Syracuse;4951.28
Syracuse;831.6
Albany;604.2
Syracuse;320.25
Syracuse;468.27
Albany;992.22
Syracuse;567.6
Rome;1003.68
Utica;547.35
Rome;513.92
Syracuse;1739.58
Rome;5239.62
Syracuse;2041.2
Rome;801.37
Rome;998.64
Albany;1331.85
Syracuse;758.67
Syracuse;1504.12
Utica;328.0
Albany;2001.22
Rome;4349.79
Syracuse;1612.65
Utica;1202.5
Utica;3675.76
Utica;1146.66
Syracuse;1040.49
Syracuse;605.67
Rome;3957.12
Rome;1662.1
Rome;476.8
Rome;1124.64
Rome;1288.35
Rome;1567.5
Rome;350.75
Albany;1627.6
Albany;509.66
Syracuse;3995.47
Rome;1580.8
Syracuse;1861.84
Syracuse;5669.16
Utica;3301.51
Albany;1303.64
Rome;1593.2
Syracuse;275.58
Rome;1586.0
Rome;1128.13
Syracuse;684.32
Rome;383.75
Rome;1576.25
Rome;5113.28
Utica;242.08
Utica;3842.96
Rome;176.64
Albany;425.75
Albany;240.89
Syracuse;391.2
Utica;995.32
Utica;3434.16
Rome;1910.4
Rome;303.03
Syracuse;924.12
Syracuse;2595.63
Syracuse;1138.66
Utica;3500.28
Albany;4416.0
Utica;969.0
Rome;1609.4
Utica;185.51
Albany;896.1
Rome;4047.0
Albany;4037.67
Utica;285.38
Rome;810.7
Rome;1167.84
Albany;2164.1
Rome;1128.13
Rome;967.91
Syracuse;4818.06
Rome;568.75
Syracuse;1255.14
Rome;747.5
Syracuse;2318.04
Rome;1243.15
Utica;1421.75
Utica;290.6
Rome;294.8
Syracuse;733.7
Rome;798.27
Rome;3325.1
Utica;1406.66
Rome;1089.74
Albany;375.18
Utica;1185.8
Albany;3713.91
Albany;1063.68
Rome;500.14
Albany;3667.4
Albany;2286.29
Rome;1128.13
Syracuse;1371.7
Albany;292.95
Rome;313.32
Syracuse;875.51
Albany;1206.4
Albany;3513.2
Utica;679.77
Albany;1208.48
Syracuse;657.8
Syracuse;3747.48
Rome;1803.1
Utica;1426.95
Utica;2406.08
Utica;835.24
Albany;1128.38
Syracuse;656.0
Syracuse;5652.4
Rome;650.0
Syracuse;701.92
Syracuse;692.12
Utica;1138.05
Albany;333.96
Albany;5099.25
Rome;1798.2
Syracuse;745.29
Albany;1660.0
Syracuse;1446.09
Utica;484.48
Utica;992.34
Albany;1087.8
Albany;2750.94
Albany;888.03
Albany;280.08
Syracuse;3394.0
Utica;823.36
Rome;1579.64
Syracuse;1391.42
Albany;1510.32
Syracuse;1128.13
Utica;516.78
Syracuse;4375.28
Rome;1872.88
Utica;542.64
Rome;4054.9
Syracuse;312.27
Syracuse;1170.8
Utica;3632.07
Syracuse;3585.6
Albany;317.0
Rome;1627.92
Syracuse;1015.08
Utica;963.48
Syracuse;1038.5
Utica;1188.63
Utica;1658.8
Syracuse;407.4
Albany;1888.8
Rome;1977.57
Rome;334.32
Albany;1128.13
Utica;881.82
Albany;4323.53
Rome;4484.5
Albany;5272.9
Rome;500.8
Rome;1615.0
Rome;1923.35
Utica;795.17
Rome;383.96
Rome;2894.1
Utica;1917.24
Albany;2244.0
Utica;365.25
Albany;738.98
Rome;1662.5
Syracuse;1402.8
Rome;965.58
Albany;1145.88
Utica;395.01
Rome;3539.53
Syracuse;324.76
Utica;668.92
Rome;1805.29
Syracuse;1086.0
Albany;4103.1
Albany;1809.6
Rome;554.63
Utica;1482.63
Syracuse;276.26
Rome;397.44
Albany;378.96
Albany;1428.0
Albany;364.52
Utica;777.28
Albany;1460.16
Utica;3802.05
Utica;1347.48
Albany;2208.08
Albany;706.86
Albany;174.96
Utica;864.6
Utica;5647.36
Rome;1405.76
Utica;369.84
Utica;557.04
Rome;507.68
Syracuse;1797.12
Rome;1227.0
Syracuse;822.12
Utica;1222.26
Albany;1377.0
Rome;1263.92
Albany;753.48
Syracuse;4757.28
Utica;1578.6
Albany;2940.0
Utica;1268.88
Syracuse;572.46
Rome;2606.24
Albany;1400.66
Rome;284.94
Syracuse;297.4
Utica;472.0
Rome;1353.6
Utica;1711.5
Rome;4055.82
Albany;2007.28
Syracuse;1290.0
Albany;1397.07
Syracuse;839.47
Albany;291.84
Utica;2352.0
Rome;695.5
Albany;774.21
Utica;1310.36
Rome;808.5
Syracuse;858.88
Rome;836.64
Albany;1405.67
Rome;3048.78
Syracuse;1180.92
Albany;1039.94
Albany;1582.59
Rome;1230.44
Utica;1922.8
Utica;338.33
Albany;287.28
Albany;422.28
Albany;1983.02
Syracuse;560.0
Syracuse;734.82
Syracuse;310.0
Syracuse;275.91
Syracuse;1141.08
Utica;1176.35
Utica;3881.7
Albany;998.2
Syracuse;894.0
Rome;1387.09
Utica;332.5
Utica;1473.92
Syracuse;2174.6
Syracuse;1429.0
Utica;793.0
Albany;639.4
Albany;1282.5
Rome;1124.96
Albany;668.33
Syracuse;2757.4
Albany;1569.78
Albany;565.23
Utica;3752.32
Rome;593.28
Albany;1559.25
Albany;4653.18
Rome;1008.97
Rome;860.64
Utica;4311.58
Utica;305.97
Rome;466.95
Albany;360.0
Utica;644.0
Rome;432.54
Rome;1210.68
Utica;1231.32
Syracuse;1198.75
Utica;728.22
Rome;1225.64
Utica;1128.13
Rome;1146.72
Syracuse;2205.44
Albany;1209.92
Syracuse;1539.0
Albany;1443.24
Utica;718.17
Utica;4952.4
Utica;1977.6
Albany;1214.86
Syracuse;2110.5
Rome;651.2
Albany;931.24
Syracuse;3924.97
Rome;1118.16
Rome;1858.08
Rome;1358.42
Utica;951.75
Syracuse;453.76
Syracuse;947.8
Rome;175.56
Syracuse;2313.91
Albany;922.05
Rome;1358.88
Albany;997.5
Utica;1414.16
Syracuse;494.02
Utica;2418.36
Albany;952.94
Albany;771.6
Albany;1229.8
Rome;2160.48
Rome;1692.9
Rome;382.72
Utica;748.8
Rome;623.61
Utica;405.44
Albany;1627.71
Rome;1841.1
Syracuse;3009.96
Utica;4381.56
Syracuse;1118.37
Syracuse;1335.76
Albany;1565.0
Albany;1031.49
Rome;828.59
Syracuse;1034.84
Syracuse;1884.96
Albany;1838.34
Utica;946.2
Albany;601.68
Albany;5534.1
Utica;770.24
Albany;1493.05
Syracuse;3924.03
Utica;453.53
Utica;677.16
Albany;509.25
Syracuse;1314.3
Rome;421.66
Utica;967.26
Utica;2313.6
Syracuse;1224.21
Rome;1054.78
Utica;1328.71
Syracuse;2123.55
Albany;455.01
Rome;1566.08
Albany;322.4
Rome;3076.55
Utica;1739.5
Utica;1419.0
Utica;1791.93
Utica;369.25
Rome;1788.14
Albany;1056.08
Albany;1117.6
Syracuse;1004.15
Rome;1593.22
Utica;331.44
Syracuse;3405.48
Albany;1230.82
Albany;685.02
Albany;328.68
Albany;1079.91
Utica;720.28
Albany;478.02
Albany;1235.78
Rome;179.85
Utica;3495.2
Utica;399.56
Utica;985.28
Utica;1093.19
Utica;1127.36
Rome;439.35
Albany;1236.69
Albany;3722.4
Utica;317.94
Albany;1138.5
Rome;574.69
Albany;1984.7
Rome;1394.32
Syracuse;1737.52
Rome;176.88
Syracuse;1081.35
Albany;1516.32
Syracuse;422.53
Rome;885.78
Syracuse;369.75
Syracuse;4793.99
Albany;847.86
Syracuse;3636.78
Utica;2595.94
Rome;665.0
Utica;330.12
Albany;769.08
Utica;2833.71
Rome;1128.13
Syracuse;541.8
Rome;696.24
Utica;1730.98
Albany;1064.55
Syracuse;742.0
Syracuse;4287.06
Albany;933.8
Rome;2201.97
Albany;3479.58
Rome;224.4
Albany;4425.2
Rome;1321.84
Syracuse;612.6
Utica;520.08
Rome;236.98
Utica;1480.32
Syracuse;1376.32
Albany;4023.0
Utica;1032.36
Albany;1712.7
Syracuse;942.99
Syracuse;1128.13
Utica;1636.8
Utica;1292.48
Rome;4134.53
Rome;2865.06
Syracuse;938.88
Albany;1316.0
Albany;955.66
Rome;4650.75
Albany;680.9
Rome;725.65
Albany;2975.0
Utica;3624.72
Utica;2876.06
Utica;1401.6
Rome;3504.4
Rome;1076.8
Albany;475.02
Albany;553.7
Rome;3146.5
Albany;835.78
Albany;307.65
Syracuse;377.52
Syracuse;290.22
Syracuse;3006.53
Syracuse;606.25
Albany;965.26
Utica;3651.46
Rome;878.16
Utica;3381.3
Syracuse;973.83
Albany;4848.03
Syracuse;537.95
Albany;308.6
Syracuse;1551.06
Albany;4486.5
Utica;1101.26
Syracuse;547.68
Utica;4156.21
Albany;1022.37
Syracuse;1053.6
Rome;2235.1
Utica;865.26
Rome;814.26
Syracuse;2095.53
Syracuse;1183.32
Rome;910.08
Rome;787.64
Utica;350.75
Utica;1149.76
Syracuse;1074.17
Syracuse;499.77
Albany;1612.8
Rome;363.74
Rome;3616.73
Albany;1146.96
Syracuse;2015.56
Utica;430.36
Syracuse;717.22
Syracuse;320.46
Syracuse;4445.48
Syracuse;1102.64
Utica;1680.0
Albany;2176.5
Syracuse;508.8
Utica;757.85
Albany;3787.87
Rome;429.24
Utica;667.08
Utica;2526.5
Albany;1305.29
Syracuse;1004.4
Albany;5137.13
Rome;720.5
Utica;771.78
Albany;2603.38
Albany;3784.0
Utica;2676.16
Rome;1079.2
Rome;1094.04
Albany;305.6
Syracuse;1004.01
Syracuse;244.16
Utica;1582.64
Rome;896.4
Syracuse;905.58
Utica;3615.01
Syracuse;1326.78
Albany;402.48
Syracuse;589.76
Albany;1628.64
Rome;1012.1
Rome;697.48
Utica;3106.52
Albany;704.64
Rome;1488.74
Albany;913.8
Utica;208.88
Albany;1069.3
Utica;474.3
Albany;780.45
Albany;1004.52
Utica;4265.0
Utica;353.76
Syracuse;2099.79
Rome;3181.63
Albany;1089.0
Rome;901.8
Albany;987.84
Syracuse;3589.37
Syracuse;1098.0
Utica;3074.04
Utica;1679.15
Utica;1212.11
Rome;3898.56
Utica;423.04
Rome;3395.21
Syracuse;2139.88
Utica;787.2
Rome;401.5
Syracuse;3769.24
Albany;744.72
Albany;393.12
Albany;992.25
Albany;3851.1
Albany;3221.79
Albany;366.75
Utica;5600.04
Albany;3017.16
Utica;1128.13
Utica;498.79
Rome;949.8
Rome;678.3
Rome;417.3
Syracuse;516.12
Syracuse;2387.88
Syracuse;1128.13
Rome;4970.28
Albany;384.75
Albany;2562.57
Rome;758.91
Rome;860.88
Albany;755.82
Rome;1910.66
Syracuse;1095.6
Rome;1257.12
Utica;3199.39
Rome;1046.25
Syracuse;756.4
Rome;341.04
Albany;4832.9
Utica;1098.54
Utica;3679.72
Utica;1289.34
Rome;948.88
Utica;2015.35
Rome;1195.44
Syracuse;894.4
Utica;902.16
Syracuse;1722.92
Utica;1820.8
Syracuse;1601.91
Albany;1479.06
Utica;347.76
Rome;459.52
Rome;814.33
Syracuse;3943.2
Syracuse;240.0
Utica;784.86
Rome;325.5
Albany;333.27
Syracuse;460.66
Rome;1295.64
Syracuse;3779.52
Utica;4572.7
Syracuse;2055.43
Rome;1013.84
Utica;723.12
Utica;1278.89
Utica;388.0
Albany;374.0
Utica;1760.88
Syracuse;537.24
Syracuse;2013.76
Syracuse;758.16
Albany;469.2
Albany;963.96
Syracuse;3338.8
Utica;336.16
Syracuse;5260.44
Utica;1387.68
Rome;216.45
Albany;1419.21
Albany;1870.89
Utica;618.8
Utica;2358.18
Albany;2597.12
Albany;2880.9
Rome;874.48
Rome;792.81
Albany;836.19
Rome;431.23
Rome;1323.07
Albany;736.32
Utica;296.78
Utica;1341.26
Syracuse;368.23
Albany;559.44
Syracuse;382.25
Rome;865.2
Albany;1054.0
Syracuse;611.03
Albany;3131.58
Utica;1162.28
Albany;948.48
Syracuse;1518.75
Syracuse;3279.6
Rome;969.76
Utica;623.58
Utica;4449.35
Rome;1128.13
Albany;2165.8
Albany;277.2
Utica;781.25
Syracuse;2557.22
Utica;483.78
Rome;974.28
Rome;3859.73
Albany;937.32
Utica;1004.5
Utica;857.02
Rome;574.47
Syracuse;1210.86
Utica;1037.04
Utica;651.42
Rome;1125.6
Rome;1015.2
Syracuse;3752.68
Albany;350.52
Rome;180.57
Utica;770.5
Syracuse;3758.4
Rome;1121.32
Utica;869.4
Albany;6259.36
Rome;1104.66
Albany;901.44
Rome;1221.74
Utica;1323.0
Syracuse;3366.4
Rome;1449.01
Albany;919.3
Utica;784.16
Syracuse;1217.32
Utica;1664.28
Utica;1003.8
Rome;1128.13
Albany;350.4
Syracuse;1565.44
Albany;1383.8
Rome;3699.72
Utica;911.25
Rome;652.26
Utica;190.19
Utica;1755.84
Albany;1751.04
Utica;1022.07
Rome;652.68
Rome;2592.7
Rome;1031.16
Utica;1603.8
Syracuse;3575.44
Rome;1061.48
Utica;1959.09
Albany;507.36
Albany;1508.17
Syracuse;293.17
Rome;1125.3
Utica;4287.34
Syracuse;907.5
Rome;669.0
Rome;1035.3
Albany;342.93
Syracuse;4902.74
Albany;3294.85
Albany;1209.0
Albany;1136.62
Utica;207.09
Utica;1122.99
Utica;1439.02
Utica;2726.76
Rome;1720.74
Syracuse;1412.55
Rome;393.38
Albany;1583.55
Syracuse;3730.76
Utica;333.73
Syracuse;4464.0
Rome;670.8
Rome;938.1
Syracuse;1335.95
Rome;1816.4
Utica;1067.04
Syracuse;3004.32
Syracuse;3620.4
Rome;4833.4
Utica;1319.45
Albany;525.0
Utica;1256.97
Utica;5454.6
Syracuse;1420.72
Albany;324.24
Utica;280.26
Rome;922.72
Rome;1689.09
Utica;1142.64
Rome;1326.64
Syracuse;4159.03
Utica;3960.14
Rome;914.2
Rome;427.75
Syracuse;238.34
Albany;895.04
Rome;1148.35
Utica;444.0
Utica;1393.15
Syracuse;3731.0
Albany;439.93
Syracuse;215.18
Syracuse;1112.0
Albany;1760.46
Albany;1399.2
Utica;819.64
Rome;2129.52
Syracuse;862.24
Rome;953.26
Utica;702.0
Albany;1341.96
Rome;1323.28
Syracuse;596.4
Albany;1080.69
Utica;923.64
Rome;2467.68
Rome;2180.22
Rome;3466.8
Albany;685.36
Syracuse;301.15
Rome;4806.88
Syracuse;2819.45
Syracuse;642.88
Utica;545.7
Syracuse;1614.7
Utica;1358.36
Albany;983.52
Syracuse;749.8
Rome;876.15
Rome;609.0
Syracuse;238.72
Rome;4431.5
Utica;871.15
Rome;1012.16
Utica;3106.89
Rome;478.72
Utica;3318.0
Utica;2887.5
Utica;2978.5
Syracuse;4073.28
Syracuse;320.67
Rome;1191.97
Albany;2047.3
Albany;5697.78
Utica;1900.15
Syracuse;335.57
Albany;484.53
Syracuse;1252.44
Rome;1173.82
Rome;2333.38
Albany;451.95
Rome;843.2
Syracuse;579.93
Rome;1368.64
Syracuse;273.48
Syracuse;1023.66
Rome;873.0
Utica;612.0
Syracuse;891.36
Syracuse;826.5
Syracuse;636.12
Syracuse;525.36
Rome;980.76
Rome;1113.35
Syracuse;1660.1
Utica;900.72
Albany;814.26
Utica;552.5
Utica;489.26
Utica;1829.73
Syracuse;3204.63
Utica;557.84
Albany;383.04
Albany;370.76
Rome;695.94
Utica;1775.5
Albany;2218.05
Rome;516.46
Albany;658.14
Rome;898.92
Albany;1952.0
Syracuse;1553.5
Rome;1743.24
Rome;435.5
Syracuse;1140.48
Syracuse;413.64
Rome;2072.16
Albany;845.64
Utica;4884.6
Rome;2636.48
Utica;4296.24
Syracuse;1758.12
Rome;436.8
Albany;493.24
Albany;1072.02
Rome;2025.24
Rome;3694.1
Utica;739.86
Albany;437.92
Syracuse;933.9
Syracuse;1313.66
Syracuse;3396.03
Syracuse;1317.58
Utica;1552.41
Utica;210.7
Albany;810.0
Albany;812.5
Rome;1102.24
Utica;787.2
Utica;1058.5
Utica;1008.0
Syracuse;1077.3
Albany;243.95
Albany;590.4
Albany;1815.66
Rome;1852.56
Albany;380.9
Rome;1571.05
Syracuse;252.96
Utica;1772.96
Albany;766.75
Albany;3342.6
Utica;452.4
Rome;2466.3
Rome;1481.92
Albany;4345.32
Albany;3488.16
Rome;429.78
Utica;3280.42
Utica;1485.54
Utica;1075.2
Albany;1173.12
Syracuse;914.94
Albany;906.66
Rome;546.04
Rome;2278.64
Syracuse;3352.57
Utica;1469.44
Utica;567.85
Utica;364.78
Utica;892.43
Utica;1384.73
Albany;2778.48
Albany;1564.32
Rome;1908.14
Syracuse;4930.8
Syracuse;1588.57
Rome;1309.0
Rome;489.28
Utica;5111.54
Utica;445.78
Albany;820.44
Syracuse;453.12
Rome;550.22
Rome;1489.94
Syracuse;539.46
Utica;1575.9
Syracuse;1970.26
Utica;1138.41
Albany;313.95
Albany;1271.0
Rome;1578.88
Albany;1356.64
Utica;953.23
Utica;726.96
Utica;1173.68
Rome;1673.91
Syracuse;813.02
Utica;470.91
Albany;1061.16
Albany;518.76
Syracuse;2889.48
Syracuse;1187.33
Utica;2987.6
Utica;1892.4
Albany;4706.1
Albany;397.02
Albany;3140.7
Albany;4653.48
Utica;1289.57
Albany;908.48
Rome;4355.5
Rome;4365.41
Rome;771.54
Utica;470.7
Rome;958.8
Utica;4136.64
Utica;1191.87
Rome;1218.4
Rome;1092.5
Utica;3353.6
Utica;427.28
Utica;1128.13
Syracuse;455.1
Albany;4244.16
Albany;2746.59
Albany;1441.88
Utica;613.77
Utica;388.7
Rome;414.12
Syracuse;2036.67
Utica;1382.43
Albany;1504.2
Syracuse;1045.74
Albany;1160.12
Albany;1233.96
Rome;1000.96
Utica;1646.5
Utica;452.66
Utica;1788.5
Syracuse;1054.93
Syracuse;2638.08
Rome;2471.28
Utica;1622.4
Utica;603.48
Rome;1776.69
Rome;1290.24
Rome;773.92
Albany;762.0
Utica;331.98
Syracuse;4494.36
Albany;466.61
Rome;1330.85
Syracuse;4042.99
Syracuse;1616.67
Rome;979.68
Albany;830.25
Syracuse;4982.37
Rome;1025.0
Syracuse;758.91
Albany;711.77
Rome;432.6
Albany;2082.4
Utica;202.5
Albany;6395.4
Syracuse;5167.8
Syracuse;1128.13
Syracuse;787.2
Albany;3804.65
Albany;3603.18
Syracuse;468.16
Rome;250.08
Rome;422.4
Rome;2290.68
Albany;2352.84
Syracuse;1024.48
Syracuse;1195.56
Rome;1684.26
Utica;3337.6
Rome;999.36
Syracuse;1265.03
Rome;800.28
Albany;761.52
Syracuse;2745.6
Syracuse;5286.74
Syracuse;1137.24
Utica;368.16
Utica;651.99
Utica;1128.13
Syracuse;1099.89
Syracuse;412.96
Albany;476.69
Syracuse;806.88
Utica;196.0
Syracuse;342.7
Utica;1128.13
Syracuse;865.74
Rome;1541.05
Utica;607.2
Utica;315.48
Albany;1808.8
Albany;399.88
Utica;1026.78
Albany;1534.3
Utica;441.9
Rome;347.53
Albany;1849.08
Syracuse;668.25
Syracuse;182.91
Rome;3642.32
Utica;1278.81
Utica;4261.05
Utica;1671.8
Rome;757.48
Albany;1183.49
Rome;1131.6
Utica;1820.0
Syracuse;1539.46
Syracuse;360.87
Utica;330.12
Rome;294.5
Rome;986.4
Rome;911.04
Albany;3368.15
Albany;1368.08
Albany;1248.01
Albany;2368.08
Rome;3983.04
Syracuse;1947.64
Albany;752.84
Rome;4018.1
Utica;3383.52
Syracuse;1520.48
Syracuse;1018.24
Utica;396.14
Albany;335.25
Syracuse;1000.96
Utica;979.2
Rome;1168.41
Rome;991.65
Syracuse;942.15
Utica;2012.28
Syracuse;1090.62
Rome;1618.05
Rome;3943.38
Rome;1248.4
Albany;1668.55
Rome;892.16
Rome;394.42
Rome;1140.3
Albany;1846.75
Syracuse;1077.46
Rome;407.16
Albany;723.52
Rome;4635.63
Syracuse;698.94
Utica;1523.34
Syracuse;369.46
Rome;1024.64
Rome;490.42
Albany;1423.8
Utica;5461.33
Syracuse;1209.63
Rome;1420.44
Utica;806.76
Syracuse;913.5
Syracuse;350.88
Syracuse;1442.25
Utica;448.14
Albany;1151.5
Albany;2636.55
Syracuse;1128.75
Utica;3562.49
Syracuse;426.06
Utica;620.35
Utica;1667.64
Syracuse;1231.44
Syracuse;708.9
Utica;415.53
Albany;1071.7
Albany;1090.02
Rome;1722.6
Albany;1215.45
Utica;702.78
Rome;1347.0
Albany;903.5
Utica;2043.6
Utica;5396.48
Syracuse;1647.8
Utica;505.47
Rome;464.97
Albany;1392.34
Rome;519.05
Utica;1330.0
Syracuse;3765.52
Rome;627.2
Utica;766.0
Syracuse;3606.41
Rome;1430.0
Rome;165.6
Syracuse;1219.92
Utica;680.92
Utica;479.04
Utica;909.72
Rome;1817.2
Albany;477.0
Syracuse;3648.26
Albany;3665.2
Rome;2343.0
Syracuse;3944.5
Utica;508.3
Rome;2787.6
Syracuse;2757.81
Syracuse;3133.08
Albany;4864.86
Syracuse;4952.2
Albany;3526.74
Rome;2926.7
Syracuse;4615.05
Syracuse;4206.99
Rome;4091.52
Rome;2864.54
Syracuse;3964.05
Syracuse;984.9
Rome;180.0
Syracuse;3018.6
Utica;353.6
Albany;4156.1
Utica;1425.2
Syracuse;867.92
Rome;356.5
Syracuse;1093.0
Rome;234.88
Rome;293.8
Syracuse;3836.86
Utica;1281.36
Utica;1128.13
Syracuse;921.5
Rome;944.0
Utica;2190.37
Albany;1676.7
Albany;537.46
Albany;1010.22
Utica;1126.65
Utica;1153.62
Utica;855.44
Rome;371.45
Albany;1122.88
Albany;2183.48
Utica;1684.1
Utica;614.88
Utica;1645.42
Syracuse;767.34
Utica;488.18
Albany;2961.66
Utica;2193.27
Syracuse;1572.0
Rome;1043.46
Utica;900.09
Syracuse;3990.15
Utica;1428.68
Syracuse;1731.0
Rome;1948.8
Syracuse;329.8
Utica;1313.2
Albany;485.8
Albany;753.19
Rome;1077.3
Albany;695.5
Syracuse;1205.89
Utica;2103.5
Rome;484.16
Syracuse;1910.68
Rome;1986.85
Utica;1646.5
Syracuse;903.28
Rome;1849.55
Utica;3786.79
Albany;705.0
Rome;3919.66
Syracuse;1532.96
Utica;1137.12
Albany;357.88
Albany;447.33
Albany;603.48
Rome;1371.75
Utica;1164.06
Albany;2779.36
Syracuse;1237.26
Utica;4784.45
Albany;539.71
Rome;1562.32
Rome;926.55
Syracuse;1073.12
Utica;650.94
Albany;3410.8
Syracuse;4911.3
Rome;3353.6
Syracuse;1126.42
Syracuse;345.0
Utica;1330.0
Albany;1845.8
Utica;1381.95
Rome;903.28
Syracuse;1239.18
Rome;4609.0
Rome;1034.54
Rome;181.87
Rome;464.0
Utica;5251.4
Albany;752.64
Albany;1841.58
Rome;1935.12
Rome;1576.38
Albany;434.0
Albany;527.22
Rome;1026.3
Utica;198.52
Albany;957.6
Syracuse;353.86
Syracuse;2305.69
Utica;375.6
Utica;972.36
Syracuse;317.68
Syracuse;807.84
Rome;3134.16
Utica;690.56
Syracuse;1054.52
Utica;1220.5
Albany;4167.0
Syracuse;1545.6
Albany;3062.86
Rome;474.3
Rome;2331.28
Syracuse;1330.0
Albany;2803.52
Utica;330.97
Syracuse;5020.91
Utica;1035.98
Syracuse;1268.31
Albany;239.84
Syracuse;1279.46
Rome;902.0
Syracuse;357.75
Rome;347.99
Syracuse;306.9
Albany;1447.2
Syracuse;1167.2
Utica;153.9
Rome;1209.0
Albany;895.18
Utica;982.5
Utica;4139.72
Utica;1101.6
Rome;1770.98
Rome;212.0
Rome;1528.2
Utica;304.56
Utica;4065.0
Rome;579.25
Syracuse;974.1
Utica;2127.96
Syracuse;1980.25
Syracuse;1082.16
Syracuse;711.7
Utica;1396.08
Rome;5203.3
Albany;114.1
Albany;1778.0
Albany;2245.66
Syracuse;755.22
Syracuse;1369.98
Syracuse;1129.1
Albany;677.25
Albany;4043.88
Utica;4615.24
Albany;895.05
Syracuse;1038.84
Syracuse;2137.25
Albany;326.0
Albany;988.0
Albany;1284.4
Utica;1019.26
Utica;962.64
Utica;3130.57
Syracuse;1474.98
Utica;502.72
Rome;271.13
Syracuse;704.48
Albany;316.26
Rome;3088.76
Syracuse;343.39
Utica;927.36
Syracuse;1516.52
Rome;540.57
Rome;1208.22
Syracuse;293.74
Utica;1339.89
Syracuse;2509.8
Albany;2963.1
Albany;857.53
Syracuse;363.84
Utica;4648.0
Syracuse;893.97
Albany;1095.14
Rome;1319.43
Albany;1187.34
Albany;1027.03
Utica;4822.07
Utica;1690.5
Utica;2559.6
Rome;1352.23
Rome;1010.5
Utica;738.76
Albany;2485.88
Utica;4091.5
Rome;1196.16
Utica;548.34
Rome;1456.68
Syracuse;4328.14
Syracuse;866.32
Syracuse;845.0
Albany;848.64
Syracuse;1862.03
Albany;1469.31
Rome;314.79
Rome;740.6
Syracuse;1171.24
Utica;3219.37
Utica;1184.46
Syracuse;671.96
Albany;1748.67
Utica;999.0
Utica;1015.0
Albany;777.37
Albany;3673.99
Albany;483.3
Albany;869.04
Albany;2928.57
Albany;350.64
Utica;1543.36
Syracuse;306.6
Syracuse;427.0
Albany;620.73
Rome;291.8
Rome;2743.19
Albany;1188.64
Rome;1137.15
Albany;2061.99
Utica;393.82
Albany;2625.08
Syracuse;1222.62
Syracuse;1131.46
Syracuse;4370.88
Syracuse;4024.14
Albany;762.0
Utica;686.56
Syracuse;521.73
Utica;4537.62
Utica;1129.92
Rome;416.64
Albany;1212.64
Rome;1010.32
Albany;3186.69
Utica;1226.18
Syracuse;5773.65
Albany;617.88
Albany;776.25
Albany;6049.2
Albany;733.22
Rome;440.91
Utica;286.14
Syracuse;3392.34
Syracuse;3597.66
Rome;1424.22
Utica;1624.98
Syracuse;2045.31
Albany;1386.84
Syracuse;875.16
Syracuse;509.19
Albany;692.64
Utica;3577.66
Syracuse;506.88
Albany;1357.74
Utica;789.1
Albany;1911.2
Utica;549.5
Rome;270.37
Rome;975.46
Utica;1534.08
Albany;567.6
Albany;624.18
Rome;1343.58
Syracuse;327.75
Syracuse;4260.06
Syracuse;465.45
Rome;436.8
Syracuse;3731.97
Syracuse;1379.6
Albany;1721.34
Utica;5007.45
Rome;3643.65
Utica;829.92
Rome;433.16
Rome;1504.2
Syracuse;877.27
Syracuse;2801.6
Rome;1192.5
Rome;472.32
Rome;1242.45
Rome;429.12
Syracuse;1192.44
Syracuse;3769.38
Syracuse;1632.0
Rome;1542.69
Albany;885.36
Syracuse;778.26
Rome;225.44
Utica;1890.35
Utica;1099.7
Rome;1938.88
Syracuse;514.85
Rome;1155.36
Syracuse;761.67
Albany;2443.14
Syracuse;4821.03
Albany;4847.92
Rome;4569.76
Utica;953.49
Utica;1341.11
Albany;2964.5
Syracuse;1915.52
Utica;482.79
Syracuse;308.7
Syracuse;884.8
Albany;1830.75
Albany;1114.74
Albany;1187.28
Utica;1470.16
Syracuse;1196.16
Rome;3455.6
Rome;2075.48
Rome;1007.5
Syracuse;1069.17
Syracuse;1795.88
Albany;839.44
Rome;791.78
Rome;364.25
Albany;718.8
Utica;793.6
Syracuse;4601.22
Utica;1076.7
Utica;479.88
Albany;969.06
Syracuse;173.16
Albany;802.5
Albany;1452.11
Albany;1570.8
Syracuse;1557.14
Utica;1175.65
Rome;1316.7
Albany;527.22
Syracuse;952.28
Syracuse;1026.64
Syracuse;1905.75
Utica;1971.6
Rome;1317.47
Utica;609.56
Rome;340.56
Rome;1769.32
Albany;3688.44
Albany;1107.45
Utica;3627.8
Rome;4041.0
Albany;384.68
Albany;903.04
Syracuse;763.46
Utica;182.88
Albany;337.92
Syracuse;345.94
Utica;3342.8
Utica;1646.88
Rome;900.99
Rome;509.4
Albany;563.2
Utica;2502.64
Albany;405.5
Utica;735.68
Rome;4370.0
Utica;998.08
Syracuse;434.71
Rome;356.27
Utica;629.64
Rome;1203.63
Albany;323.82
Rome;1226.4
Albany;211.26
Syracuse;1057.65
Albany;1047.09
Albany;1201.51
Utica;4402.32
Utica;1520.19
Albany;713.69
Albany;972.0
Utica;2050.82
Syracuse;818.0
Rome;836.22
Albany;2405.1
Syracuse;4464.03
Utica;590.92
Utica;1025.21
Albany;3233.8
Rome;3881.02
Rome;918.79
Utica;334.65
Albany;1114.75
Rome;1731.0
Rome;236.16
Utica;848.82
Utica;1848.0
Syracuse;5035.55
Rome;205.6
Syracuse;1032.22
Syracuse;1169.0
Utica;1327.15
Syracuse;3718.35
Utica;3318.51
Syracuse;1642.0
Syracuse;3103.23
Rome;2459.8
Rome;508.3
Syracuse;487.43
Rome;835.8
Utica;859.25
Albany;1365.65
Albany;4235.55
Utica;433.07
Utica;5004.6
Syracuse;1148.4
Utica;457.8
Rome;984.06
Albany;1176.07
Rome;4030.65
Utica;1035.87
Albany;1502.12
Albany;668.47
Syracuse;5981.76
Rome;794.14
Albany;3822.14
Rome;672.18
Rome;2057.12
Utica;923.64
Utica;2894.76
Rome;427.46
Albany;335.16
Syracuse;3820.5
Albany;180.72
Syracuse;775.61
Albany;380.43
Rome;1782.72
Utica;251.77
Rome;1622.0
Albany;2044.32
Albany;1660.0
Syracuse;712.0
Syracuse;1250.5
Syracuse;1455.14
Utica;1274.29
Albany;1256.63
Albany;977.84
Utica;2956.78
Rome;749.7
Rome;1058.76
Rome;1447.2
Albany;1554.15
Albany;1363.38
Utica;1528.3
Albany;4721.85
Albany;1681.28
Albany;1308.72
Rome;1144.22
Utica;1551.69
Utica;2045.5
Rome;1592.56
Syracuse;1065.9
Rome;742.8
Utica;1746.0
Albany;1089.96
Rome;1459.66
Albany;1691.9
Rome;670.0
Utica;1238.4
Rome;952.36
Utica;978.93
Utica;1566.72
Syracuse;236.16
Utica;556.92
Utica;300.2
Rome;4567.2
Utica;1011.5
Utica;1149.15
Rome;891.36
Albany;799.14
Albany;1188.18
Utica;1239.2
Syracuse;778.26
Albany;966.44
Utica;1193.8
Syracuse;3103.93
Rome;1005.34
Albany;686.7
Utica;438.96
Utica;826.32
Rome;1622.35
Rome;1379.84
Syracuse;1677.75
Syracuse;1621.4
Utica;1378.08
Utica;1339.5
Rome;3643.5
Rome;901.94
Albany;529.3
Syracuse;1212.86
Albany;772.73
Rome;2921.4
Syracuse;390.78
Rome;1207.5
Rome;1905.0
Albany;1633.36
Utica;900.48
Albany;748.98
Rome;1290.5
Syracuse;925.68
Albany;399.6
Albany;1899.0
Albany;329.12
Albany;3176.55
Syracuse;455.08
Rome;680.4
Syracuse;2891.18
Rome;1686.58
Rome;580.8
Syracuse;2801.69
Syracuse;477.75
Utica;790.6
Syracuse;1600.72
Rome;3109.32
Utica;1808.24
Albany;774.24
Albany;1228.5
Utica;482.1
Rome;1467.8
Rome;288.96
Syracuse;455.11
Albany;1220.57
Rome;430.65
Utica;2194.2
Rome;1385.31
Syracuse;435.68
Rome;825.33
Rome;3953.4
Albany;1750.32
Albany;2352.6
